first_name,last_name,email
giuseppe,jovani,giuseppe.jovanni@test.it
ubbe,smidt,ubbe.shmidt@test.de
john,don,john.don@test.co.uk
seb,glodt,seb.glodt@test.lu
petru,albot,petru.albot@test.md
ana,dona,ana.dona@test.com
dora,rodriguez,dora.rodriguez@test.es
elena,baciu,elena.baciu@test.ro
petras,petraitis,petras.petraitis@testas.lt